タスク番号,試行数,転倒有無,holdtime,床反力,総軌跡長x,総軌跡長y,総軌跡長,単位軌跡長x,単位軌跡長y,単位軌跡長,SDx,SDy,実行値,振幅幅x,振幅幅y,矩形面積,実行値面積,標準偏差面積,
1,1,1.000000,59.999800,708.967042,8093.992306,3288.883081,9794.854348,0.026980,0.010963,0.032649,10.262699,10.232295,14.492165,121.094296,76.869914,9308.508164,659.806218,329.901657,
1,2,1.000000,59.999800,709.839320,7408.092335,2808.479289,9160.413006,0.024694,0.009362,0.030535,10.621258,9.138036,14.011239,57.000470,44.774397,2552.161680,616.741220,304.914941,
タスク番号,試行数,転倒有無,holdtime,床反力,総軌跡長x,総軌跡長y,総軌跡長,単位軌跡長x,単位軌跡長y,単位軌跡長,SDx,SDy,実行値,振幅幅x,振幅幅y,矩形面積,実行値面積,標準偏差面積,
2,1,1.000000,59.999800,706.267894,8133.696980,3494.940935,9796.222427,0.027112,0.011650,0.032654,21.692873,10.048549,23.907197,94.148503,73.030049,6875.669783,1795.590063,684.810297,
2,2,1.000000,59.999800,706.785088,6842.265049,3459.384283,8667.088484,0.022807,0.011531,0.028890,16.591236,9.390898,19.064577,112.595166,62.583314,7046.578665,1141.837285,489.480918,
